filename,label
d63c31df1e474199b79e4caf4f5b5f61.jpg,
27682db92a9e45cb85b7b8a8a96acd43.jpg,
b25e2a0a4d4749d4baebd859d508d87a.jpg,
86dce8adedc2455190ad2ed27034c3f6.jpg,
2a982d8e23384dac820631f992454e8d.jpg,
2944d35ceaf5459d9e53d20dff7d6fe2.jpg,
677b20266c1e42609802b84eb5d81545.jpg,
3745c7d9deb74924a5443b67377c3719.jpg,
9608f48d4fb54c3e87b3496b73521590.jpg,
cc0c33304cfc46e1ad8e7b0a2976e0cc.jpg,
1faec426d0e2409e84c30bb87564ceff.jpg,
0eb87807e414481e9323d450eca4cb35.jpg,
b46f4fc5a8104e9a8b976b1516a902e8.jpg,
df530d809e474c71a82c17cb1321cc67.jpg,
ad638f999aa34d579fabd5966204f07e.jpg,
1293bc93b3e344c5b065cbaafeeba1f7.jpg,
f3ae3337d43140609cde0cd508493690.jpg,
a70486e2d1204693abd2153ccfa6a25d.jpg,
6f8ecd44bbe1493ba65d25692c559a3f.jpg,
f3bc1bcc67e34113931a056e821013dd.jpg,
53a5eb9b6e194a429f19d37efa8fff91.jpg,
88b50635933b4b4b8f1562cf0e60829f.jpg,
33c1d028d6bd4414a222a2259f5554a5.jpg,
fe719afc687b4b25a91137c82f05343f.jpg,
9de5719536074cdb9a56e25c4f9d0fc1.jpg,
1b9c1073d0224c10a2036d0c4a588aac.jpg,
ab1e9670ae2746f2a80dc9ee970e63ae.jpg,
183844179b3748f6993a8c44d9eee84b.jpg,
0f63ab04277f4218a56573eadb907494.jpg,
c82039902fb94a31aa4e4dfd58dcc43c.jpg,
9630b34171ea4036aee36cc2a94108af.jpg,
cf7bbcf5f83c4cddac1a4bfb5d291ede.jpg,
719ca1a5a3124cb994f88a8e8578e662.jpg,
396b638476ff4a41925da78e4b58c9ad.jpg,
59282e64e84f4da2bc041b273a308542.jpg,
cd9812e253cc4f71992ec2cdc2ff21c1.jpg,
25a85e959db049089c29dd12d83c06e9.jpg,
44f4667ecd0841c2a1e40f41b56cceaf.jpg,
4feaa31d84f142b4880c45cdfffbbb25.jpg,
3a4c3b2412434d5e9ccc0319c1b1339e.jpg,
600e579f293e4ba6a14ed7ef84f22351.jpg,
1847c5a91b1a4ffcb7ee4a78466525c5.jpg,
fd2cc038d7db4e1cb683405e0aefa901.jpg,
d2c2c2760a074e3b9dc38331cdd7cfa5.jpg,
37c4d02d9d994c71ad9ca7a20d3bd4cd.jpg,
c0f4735ced21407d929239eb80a5cb30.jpg,
2803df110f694242a50a6b7dc83b042c.jpg,
50e38306ddb94e23ad8a562993dfc095.jpg,
27abfcebf0d44551bf749dce238d4de7.jpg,
ef09df981a974cd8a2ed757785b9c0c2.jpg,
f8acbe56ce7f498eb5396db162d2a630.jpg,
9d8baccb6b8940bc8afd4dd20057657b.jpg,
92b62220ffed43949b605d095a82a9d0.jpg,
4e4e9ab4631048ba99badb57adac4dcd.jpg,
d281a1a7806a4e3f94410c4840ac891f.jpg,
3762befe5699462da0cbee63bc17ed4e.jpg,
d37bcf42c8014b2c9dc49acc3d963bf1.jpg,
91a6986747ab47e4993b1cf83a235de0.jpg,
0b516ef7562c4ca2ab91ed2e5908fd56.jpg,
0505b76c4d2945359a724fd812bd5c4a.jpg,
522ab8876d474682afdf87238336895f.jpg,
67d7c79baac84aa1b529dfb2fe6645da.jpg,
f6bcd596e75b4c508dfc71aaa6e5fe90.jpg,
7ff229452dda4bd6b300dab075f33bc0.jpg,
9f19dfb1b92041d4a619796be1377ea3.jpg,
82d919e9ca204f869d0351662d751a0b.jpg,
e625f04f5fb347449e1d43cfd50a154b.jpg,
41519d26ad564f99a369b7f4af7444a7.jpg,
2da7f124b1644cc6af16083828806a3e.jpg,
0ad306dfbb7440f5b81535a150acea37.jpg,
ffa7e723df924b0880c49cd2fb2ae1d7.jpg,
4f4786dab899459faaa5a2e86dced048.jpg,
ed6135fc9acd41728837fe0c8db0a431.jpg,
dc85121f33364144b11780dae609c495.jpg,
6c33127c4689487897069258050ea7b1.jpg,
c968bd18b7f341a6be5b7134e6cecc56.jpg,
14a4a2ea7c114e38a95e9cf818966682.jpg,
f2cab64399df4726b4472c19e42668e2.jpg,
0244658e58e0430999cc65f236e2f844.jpg,
b716363830aa49df83525c6b33b0131b.jpg,
18bfd9b4555e432e9bf7e991d0e65332.jpg,
3763b6eca1124181a19dcde380ef0610.jpg,
8187b8de016f4c56ab2fa5358f8e7df3.jpg,
4f1e593a33394f66ab05e76739fbd63e.jpg,
a5ab349c627240a3a9ee972176c1bb7d.jpg,
86b03336c773446cb4b8819d1fe80a6c.jpg,
ca3e013143ff4f70800458f48166cd1f.jpg,
798eada8c9864edbafcea2bf3799162b.jpg,
15f72492b6fc4aa79084ea5afdb16f8a.jpg,
32f199b1fa7441d090b204c4260415c2.jpg,
094f8ecd8a8f44e9994ed0c620342bfe.jpg,
2848600663dc4091aea89c08319ee28a.jpg,
ed595ee923584ac89defec4a32a15ed3.jpg,
6e4e8e4c30b744c5b0a7ea607abceb53.jpg,
41b4694a5bc14134bbf90d4e39e3d21a.jpg,
62e78d8d86bc43f6ad214cc617cf273c.jpg,
0b4ff97715784018b4035ea0e1af9433.jpg,
903d658949dd451997ec3b35560d8c32.jpg,
5780be1c48c74a33b0735843d85751cc.jpg,
3e8f725d706b49938a2671439a22eec6.jpg,
6568dddaa65c45f3a6ec58d358828081.jpg,
a12da0f242ca4a27990521c1d715258b.jpg,
512bf65572d94feb9d3207d339c527b3.jpg,
b103bf6a36e94bd4966c8a40d3344fdb.jpg,
50c9ce2c30c04f6ba54c3206d7973b59.jpg,
1e459b830966422096bc3249f98521b8.jpg,
45bf9657ed0840e398c8509c8ec0691d.jpg,
626797bd91fc4ba39f7aef31fbcd504b.jpg,
faa8db5efc2e47859b66dd9988ef2749.jpg,
443d2712a1d942859ede3c3dee91f767.jpg,
39e018048d024a8980369fed302cff4b.jpg,
dbb1e96ce334495eba53ca7960fda3da.jpg,
7f595e9b8e5d4f3e84d1c2f9e72fae38.jpg,
86b858612c114d9da374990dc076b14c.jpg,
62540d35910149b396f5d0f854469988.jpg,
7b295b94f0f1497d91f423273c12cee1.jpg,
54430c0f3ca44fbb9b486993cae00cb7.jpg,
d3b152012dfe426a90c53c2eff930058.jpg,
57204ae5ee2546d292f6dc4ca86d66e2.jpg,
bbcfcb48aa654cdfb556dc4be91cb2c6.jpg,
9383116ed7bc484ca0398305cdf209f0.jpg,
351ca5afd3004721899f50c6961576ed.jpg,
738828da54a340a7ad8c6a58d1d018ab.jpg,
36bcf28bb3024985996e2d25afa8839b.jpg,
4f047af9bbd74200a7ea78a5c1bce7e8.jpg,
fa0839d536de422db1091bf3c9a47e1d.jpg,
e3211c692198498ab6ade0751d419c7a.jpg,
ec3164faf48945d689936d7aec7a542c.jpg,
2700b7ca60fb4558b7e0adbce4e48380.jpg,
19622a0ed07843559ba412ea5a83f71e.jpg,
6fe35ebfb5444eac9832a8ad8643167b.jpg,
64b62d772e294ac082d4c8a726688e4e.jpg,
25b754f59edf4c5aa39990350af6dc14.jpg,
0ec6d623420042569d2e9d46145e2edf.jpg,
bee019f4802e4034b473e26ded6f857f.jpg,
28b8a78a80104ddda46f023f9505f6c0.jpg,
d56cd431fd04406a831bbf12f41d1782.jpg,
7dabcdd1430c467eaef8e269e1b31d4c.jpg,
3f02bcd3a5f448abb3393e4372d3ba74.jpg,
f090761d552f4c73ab4a51f3c6a27e6f.jpg,
512c9db36e414632855eabf3669c00da.jpg,
14d679c91bfc47289d68a63db46b311a.jpg,
eafed7527d604d48a960a736ba2f0278.jpg,
708ddfdd74044f0090ba6b07cee7eb83.jpg,
c17f3bf2da24428481ccb13dd2971f02.jpg,
679831af457046159812087faac823ea.jpg,
daade588fd014ec9a97cd05a605b80c4.jpg,
b91e82a1fb9d4ca99f03633f7b5b464e.jpg,
bc2bf82e543841edb24a7a69864959f7.jpg,
f11d4d596790433192bb90369499e116.jpg,
a9506d8017a248bfb1d88b5feb900c85.jpg,
85026d41bfc84139aa46481b8c882bd0.jpg,
64f50a3d4a394575b22f6a91a06c2ff9.jpg,
10e27e78e4204b85b3710ee9190a2a8b.jpg,
dc12bfb8cb5b474c84a86dba23428bfc.jpg,
1ad2ec64f21044a48e8caaab5aed715d.jpg,
52a9e26277544631807c641be1ab76f7.jpg,
6d6c14f84be64cad893797f839d4a185.jpg,
6c7d4bf7e46246e19902d5a0c6505109.jpg,
06c0c5575b894a03a8b8b9aff9c51094.jpg,
52d696af08a449f7b512efc7fe23bcbb.jpg,
782596ab4c624fdc805bb869dfec057a.jpg,
c9cba59254174c5e99ea2c8c7a247c9c.jpg,
52defc56fb8d43fcb760bcc0a043e3b6.jpg,
6b981e098f3843b381a3e194e172f53f.jpg,
c3b86465665848db91b56636e40ba20f.jpg,
44d29e2ddf63458497fcc392b55a5bf1.jpg,
8cd93f83c41146e0b1d5f091f86ae09e.jpg,
de0c840d61bb4508be72d348c731f083.jpg,
0ceebe2955ce4f29ad9f5a9eef3b75e9.jpg,
4532e56607344658aad065e2cf2b3fbf.jpg,
2de21e52066a409eb0062cf0f3338ad7.jpg,
206cc7bc77be45129bde27c14090dd06.jpg,
e6b5fb6a354e4bb1abfab5754e80abb1.jpg,
bb95aa7468ea40a6a963015638f9d0c6.jpg,
a623f10197c34fc782ec6be4c7243611.jpg,
8f830a79baff46a885db9c685dd214a9.jpg,
3708bb7c0d77445e8528a84b11e687a0.jpg,
f05af1aa678e4aa48025c9dcff497c96.jpg,
0b02170767554a2da535704879dd89d5.jpg,
fc9de181cefc43d88e289500f430c961.jpg,
73ffaa6bddd945f48d3bdcd18d4c0031.jpg,
29a1e7d205264f41a5757de4801d1a67.jpg,
ed99f3ff7f6945298ebd0e8e0588e835.jpg,
25088ec0a31342beb634730b2e051ce1.jpg,
c3f699f19d464bd3bf6275f13494e499.jpg,
c30092d5351946768d1af7ba98c30545.jpg,
a54f748d822f4198adcb3c746f176c62.jpg,
4995fb538a0044f19a4cdc745dc8a0b8.jpg,
da575cc26ae54e4d94a60d9a61fbe6d3.jpg,
695ca5d7cb814529a832d02a988a384a.jpg,
0f2cad2f6da64dab96783df6ea10a5d5.jpg,
e17846def55a4b79b02ad1112e4fa940.jpg,
42768ed24c124310af557dd7aa7cc5df.jpg,
8fc8bbdc263d430289a1d7099483de10.jpg,
15007afc5cd74b76b6ab8985427cea07.jpg,
8add399563fb4627a7ff36d1ed9191d3.jpg,
4912b06217ae442d904da8ceefeb4949.jpg,
10297df511a24f468b8777e9043f4871.jpg,
54e15c2e4ba84ab3b1a68d641ffa6c8a.jpg,
3deb892c36bf40d58917e1bc8dd4defe.jpg,
6c160eb6a6de4996afe87eae3ce14fcd.jpg,
e9acf7b00d484cd6b6d88970ad6cdc5f.jpg,
e4944c5df8f14abd91a0e01c20218078.jpg,
c6a4a07a6fbf41e5ab03a8b35c21e0fd.jpg,
b25506ed8def42bc9c066386697a1ec0.jpg,
0cc24a1c66124c2c9dbb5dd929a68b4c.jpg,
67469fe426854299960cf57cd27202c7.jpg,
81359fdb929a4e298ce46bdf1389d785.jpg,
4ba26d9d58db48219ed98ffca38bc9cd.jpg,
fdd536b0707b45908817abcd48acfadd.jpg,
a286f2d45da7462b9be63d77803c4302.jpg,
5ea3d18a3ec441f6be6e4f0228ff4c72.jpg,
343b466cdddd4b47add6665268a2e853.jpg,
c91c3732f41b481dad9f9810604651b8.jpg,
ae00e32950964cc8ae3db0b62ac491d3.jpg,
536b07850d4c4a3e9a0f0551e91b1a84.jpg,
36a7e326d0fc41a9951f64f3c5c301af.jpg,
f818f0794c314078a1bdd3349a2c5258.jpg,
8b158c25504049ff9d0fdd1e10fe6168.jpg,
1f16a1883448440e9dbe64df01f5fa9c.jpg,
2dce49934f1746758ae59b13137fecf4.jpg,
1858da221876459ea8741fc200b7ab57.jpg,
0d22ea6533b64c6eb01ac42c78a546aa.jpg,
03fb8c2fa9094e35ae9e6e48c01fe85d.jpg,
56c2b8a694db4cd893df3d0a0e09151c.jpg,
3ff37c9341f743e4bc5356ace73573a2.jpg,
48c39b40fc754661a39f545c4b6ab8f0.jpg,
8fa8dea48dac409ca85100f81446c878.jpg,
5419ba6708b94e5d9cb833efb5110c4e.jpg,
90066866d53f4f489f0176c92f70d78a.jpg,
06ed8a29ae8b4715a57393395d1461fb.jpg,
661efa23d92b4e419dfc9437a371e8d9.jpg,
245f481060e94c719823b881d7362c6a.jpg,
273739496b274865aa1a368c9fb3ea9d.jpg,
0f63311f9bf84c598a8159bfb5acaa52.jpg,
c4489b09000944348fe451445ac9c27b.jpg,
029f631f50ab4251bc6a26ce0b3babd6.jpg,
70024019fe5e476aa09f5644581c7e85.jpg,
c6a9db3248f245dd990363caf314721b.jpg,
77706416bc38456cbcd2356bfb735a7c.jpg,
cbdb7bc0831740e59b9c9b1e7de89506.jpg,
23050c7b324548f8a19c1d3cb2c6952a.jpg,
440fb31002a9411cb975c9780bcf8629.jpg,
4d20a8e437fa447aab8abc98b776a11a.jpg,
4843f6104e444f13a300f6c2b2dae348.jpg,
d6cf970e768c402e9052ffeb684be17b.jpg,
656ea31e9242414396d37b19c74b0610.jpg,
8ef8f8cc066545779d08940dffe20370.jpg,
5d5017ee9fb845978264a5cd0d1f881d.jpg,
5173041470194ef8bae1f49c555ce1ab.jpg,
a80d17863cfa4de7b0c572de3702b089.jpg,
19c47f8057124005b64983b4071a600b.jpg,
9fb42242ae7b4172813bfde44df94b57.jpg,
716c49afcf664b149fbac823ed5a022e.jpg,
c7dbe8e17ea24c899dde8c5cfe688f5a.jpg,
251d80a7c7fe4b808496cd4aa29cc304.jpg,
b4d44e9a46ff4ea7abf94d685a9aa6cc.jpg,
dc8172c0b2274f01ab67d2f865917960.jpg,
d05aa93a6078445dbfedd2e241f7ab1f.jpg,
698459f285024e00a066efd763b40244.jpg,
aaed4b675fc3498e91a345b2f1ab000b.jpg,
d213768e49d9457d99de2aeadb13aa52.jpg,
729a1a3dd6a84742945dc10465fcf9d5.jpg,
5ee3f104051d4ee89a0c4a5dbaf7be0c.jpg,
e29c688d2d004867a11de889267352ed.jpg,
7ab18914931c494d808947c6f2f83214.jpg,
692cc933b91a4dbe90079eea7257e9c3.jpg,
473195bc5a19491b8a00e73ae08e3d5b.jpg,
b99dbfe2df154e7c8497bd140029afe6.jpg,
3bb4a8c2fbe64f62a82e7d81673bb7f4.jpg,
34920222e34e4f558c40f220442d4022.jpg,
758114b6dc4a41198d39b18a8ed4762a.jpg,
789a868930d0458fada7a0ee768be9da.jpg,
5cb8d0afc1ae4004902a9b1104635eba.jpg,
b155f571da424e65bf560cdbcb29d835.jpg,
12c4472e04274f7e8b686082cdd7ee27.jpg,
54e2f7d90ce84570be11cacff9377ba0.jpg,
c5aeca65ae3c43e8a91d1513dd25ba60.jpg,
b43424f7e31b4309a9135e5d647b9204.jpg,
2f5e5a2904e44725a30162cfb873d754.jpg,
141c4d335b074d57aff4faceae7d4949.jpg,
30657f3a18094b2394aaed6cdaa7efff.jpg,
2236eb10e5be4787842d055223abfe2a.jpg,
e554a2da99b744fe97b0538f30299ff7.jpg,
af8a8f1d652f454a99af719125daf3d4.jpg,
05299c9962f44b5da7431749afa0b68b.jpg,
cd374e856e6841ff836f65065d235f1a.jpg,
a959136046e741a4bf7d26c6beeddbd9.jpg,
7a31454aa14c4fc699e284f984e202a6.jpg,
d85941711d824ad7b3733fe90c4ba5d5.jpg,
1808714e735242718ff508db9ec52b8b.jpg,
201b883ac34f4b8faa604e44d0feeea8.jpg,
de3ec2e2dceb4631988dc4252a949643.jpg,
211bcc4408b145c187c8508a11cc7dfa.jpg,
5621916ef85642dca402cc4de9120894.jpg,
2b1b79b683c545da939d47b793b94eee.jpg,
ddfd5d72a889434f8ae73d1326aa0990.jpg,
02af626e05354c17b49a11e7dce86801.jpg,
57993181399c42fd880b430334c3b3a0.jpg,
68d102d681f14eb79efc2a7f0ffd384c.jpg,
be2d5a7a2baf473aa95d5efc84e3f62e.jpg,
ca5675318fc044659012e87113029c8f.jpg,
41671d78b3aa41abb6536228db94b785.jpg,
158de0315b934fa5af298fdfd3b11db9.jpg,
e824bdd4039742a68a2ff99697ae2cb8.jpg,
ec4309a887f54ca3a58609884b253054.jpg,
31bac6fd60a348948f4dcd3bd0b84b28.jpg,
02a35db5755c44c1b14ceeb7ebe25607.jpg,
98546681297a4fd9883a062f484986ef.jpg,
e5adb979f7354f3db7e858c7eb8d2768.jpg,
c1b658460bc3491f976fd97582ae0b5d.jpg,
66798b2999bd49288c6a132c5490ee53.jpg,
7f0393c1b9fd48258bd87caa80de85d8.jpg,
477ae11e339640b6a9c3581365d272cb.jpg,
0b4485f2e3564ca5bf197f9a463a8f43.jpg,
bbd08d3101ee4e099715676089713c4e.jpg,
4680c8a2cd234ac59d8a8df522b02637.jpg,
7096ad3c704645bdadde36fa7bb71585.jpg,
637991af791d45b5ba246d29903834c6.jpg,
730f9ea0c6dc44379ac5a2edc127935f.jpg,
4c395cbe5ae54988820936dbff83b819.jpg,
a78292c3e5fa4262bf775820641371c0.jpg,
36e8e493b31e49d78093e3b5523d3ac9.jpg,
f4f4f69cdf8143b99ce7cbd0d004e23d.jpg,
c5fc75ca09e540789525f5c8d3beffbf.jpg,
36a117a85436486d80772004b398f3b2.jpg,
5b931fe3222b4b1b9f2187399193551b.jpg,
347000e240f84a67bd9b5fc20e4f2e37.jpg,
76f9005fb1274ea9a954eeee10f60688.jpg,
392d54230bd3431d943bc8c3508a38be.jpg,
328b776b700a4269af59364c8bf29ed8.jpg,
1617d9d0fcca499ab13d85a57ddf2ff6.jpg,
caa61daa6447474590b6e1d67790d2c9.jpg,
ea76d6b96207429b9b14700feebefddd.jpg,
0d8789eb249e4fc2b191c086b1ed4986.jpg,
fd08e42f6f06481db43ce454ada7a0b6.jpg,
afb49e9e1bf04447bc9de09da941218c.jpg,
70e860820b664e8a887ee680b50dca96.jpg,
2802d10ef04f443396aa0e798d792e81.jpg,
e1c20589d4fe42eeaec72e6d3cecae33.jpg,
35d3c2dfb6ce41e0be1ba5fd70f36a6c.jpg,
8c2c8bfa1eae4ffe88f74cb9daf19748.jpg,
e4e849812405498f937c20fa3e4cdc96.jpg,
d311237589ec44bfa2e291480fbe6fa1.jpg,
259b3daa118d4069b57ac5b39d10fbfd.jpg,
defe959ab6a040e9a0115882a5cc1161.jpg,
3c05eb37422b4fc983deec290305341a.jpg,
f7640f5525de425098dffdd74f69eb36.jpg,
17497a6f89b64ec5a0bb88a657b3978f.jpg,
6bf807825da849bcb00eb4f53a8eab93.jpg,
d8e1c03e09b7483a9370874ba8aaa2c0.jpg,
d8542d7ae021419aae9fe8280601f66b.jpg,
2499afb7204b4b26bf3f39fcfe176073.jpg,
cb2f2e80949a4a348d32480d44c4521c.jpg,
6ada21fc58ff4ee9a7e11d0664c09b21.jpg,
6afc35644cb24dd7ac650949e2fc7ad0.jpg,
7742b6dfa74f426fba6dcbf8a083804b.jpg,
ce09558bb930469cbe2546daebdd333c.jpg,
3d370a6025ec4a8a87fa9555c96f074d.jpg,
a1462cd059e94d84810273ba7b02a9d0.jpg,
a96cd7510c1b47e3817b6a5814dfbfa7.jpg,
ea2fcf9000bc48fab6b5b4e65da6002a.jpg,
fc1c53f38846460196b745cbb9391e82.jpg,
5c66cb7c36e946e98f7b889e50e91996.jpg,
05ead4788f2b41c38f3f4bcd8ce8ad23.jpg,
aaa4809fdd3f48198f8c90bdee75de32.jpg,
0ffd5011595742ad858d2172287e2d8c.jpg,
af904551ef6f433db1fe71576bf4d5f6.jpg,
3575906c7dae48bd80f3aa4179561204.jpg,
10be1c1ac27c417389cbb9d08c979867.jpg,
90468091aa1e46dd81bfc77897fc6e6a.jpg,
04004a2d4d7e46c689e12f7deb674610.jpg,
5300b9c963e24b69944e83e681405818.jpg,
19af571d9f554c5babd2cc7a7f7b6a54.jpg,
7ed38dd293bb45d0b043929deefe490a.jpg,
29da60567954491fa2d06fd00218da01.jpg,
7e0993cbacaa464caeb929afd05a7dd6.jpg,
b80e91f3e376406fb13e31292675152d.jpg,
b163943105114a2e8e833aaea81ba970.jpg,
8ce48be2c720487a8e3e2831c4baed3f.jpg,
e30efda5c0064c53953531ca30dd2719.jpg,
d7b74d6bbf8a4f878123e0cb6b1a464a.jpg,
e7d9c1760e3043bbbd95d772c1f06d46.jpg,
8e2cd43ff0bf4c78aca236db4b3ba5bc.jpg,
2501c406c74743e88e20b37bbf602029.jpg,
533b943b4bfe4b20b5f4575f68e66be8.jpg,
933fe82ec53643e197fc2c9985abfa1e.jpg,
61ca35d3c50d4f1f834cc553062a9db0.jpg,
4a3380fa64e24c499eadde93b8c55eeb.jpg,
026738cd8197439c8ebcd113440aff70.jpg,
be8579adfffc4d72b2e6c2fa0f64f7da.jpg,
7aa112b9aab841d19b254dd9f675f235.jpg,
12ed583d961f4f75a08e0cc040c0de8b.jpg,
b7d952c91a5d455282bd2b52572b3fbe.jpg,
961ad26f8dce4b8b883670195e2f1fbb.jpg,
8e25c4d484ad46f8a1427a5ad70eab49.jpg,
0506bc6c4faf4255ad6f448cf0302c6d.jpg,
bddb9b9143a2438f89c125329e368ecd.jpg,
435992966dce4a66b6ce54b75369029a.jpg,
446f766ab8734adcae1bfaf12fa9214a.jpg,
e862efa8a12e4079a5b54a19626618c9.jpg,
110ba8519ac7440382385cdae9c240a9.jpg,
e70f65ece1934cc2a6afd572a9b22c46.jpg,
4feab682ea73443482ce23f347197075.jpg,
2faf407d9d3442e4ad8a6b52056ff938.jpg,
6fc55e6b4f1246dd9d9de62dae366d5d.jpg,
9780136d33cb4e4abdb0a362d741656e.jpg,
7006e2c3cb0c49318483c315ec70a233.jpg,
4cf8af811a11401cb3478ea6ab725966.jpg,
4f318bfa5d7d4c5c86695d5cd598f718.jpg,
a73269e264de42db9190d590eb59dc0f.jpg,
89c8e59495b24dc89dcfd586bc06177c.jpg,
